{"stats":{"minecraft:custom":{"minecraft:jump":37,"minecraft:time_since_rest":1522,"minecraft:damage_dealt":160,"minecraft:leave_game":1,"minecraft:sprint_one_cm":3159,"minecraft:play_time":1522,"minecraft:time_since_death":1522,"minecraft:walk_one_cm":2005,"minecraft:sneak_time":18,"minecraft:total_world_time":1522,"minecraft:mob_kills":2,"minecraft:fall_one_cm":685,"minecraft:fly_one_cm":8049},"minecraft:mined":{"minecraft:short_grass":7},"minecraft:picked_up":{"minecraft:black_wool":1,"minecraft:mutton":3,"minecraft:wheat_seeds":1,"minecraft:white_wool":1},"minecraft:killed":{"minecraft:sheep":2}},"DataVersion":3700}